<biblioteca>

	<libros>

	 	<libro>

	 		<nombre>Aprendiendo Java</nombre>

	 		<fecha>2006</fecha>

	 		<paginas>305</paginas>

	 		<isbn>4477465</isbn>

	 		<editorial>O'Reilly</editorial>

	 		<autores>48</autores>

	 	</libro>

	 	<libro>

	 		<nombre>Aprendiendo C#</nombre>

	 		<fecha>2005</fecha>

	 		<paginas>405</paginas>

	 		<isbn>4488465</isbn>

	 		<editorial>O'Manul</editorial>

	 		<autores>48</autores>

	 	</libro>

	</libros>

	<autores>
		<autor>

			<cod>1</cod>

			<nombre>Manuel</nombre>

	 		<apellido>Sanabria</apellido>

	 		<edad>40</edad>

	 		<pais>Costa Rica</pais>

		</autor>

		<autor>

			<cod>2</cod>

			<nombre>Carlos</nombre>

	 		<apellido>Tenorio</apellido>

	 		<edad>30</edad>

	 		<pais>Costa Rica</pais>

		</autor>

		<autor>

			<cod>3</cod>

			<nombre>Isaac</nombre>

	 		<apellido>Hernandez</apellido>

	 		<edad>29</edad>

	 		<pais>Colombia</pais>

		</autor>

		<autor>

			<cod>4</cod>

			<nombre>Javier</nombre>

	 		<apellido>Sanabria</apellido>

	 		<edad>35</edad>

	 		<pais>Alemania</pais>

		</autor>

	</autores>


	<autoresXlibro>

		<autorXlibro>

			<libro>4477465</libro>

			<autor>1</autor>

		</autorXlibro>

		<autorXlibro>

			<libro>4477465</libro>

			<autor>2</autor>

		</autorXlibro>

		<autorXlibro>

			<libro>4488465</libro>

			<autor>3</autor>

		</autorXlibro>

		<autorXlibro>

			<libro>4488465</libro>

			<autor>4</autor>

		</autorXlibro>

	</autoresXlibro>

</biblioteca>